{"_step":49,"_runtime":3568.9790653,"val/dr/balanced_accuracy":0.4539381352837263,"_wandb":{"runtime":3568},"val/dr/accuracy":0.6690909090909091,"train/dr/kappa":0.9810190730140238,"val/dr/kappa":0.6349287007336362,"train/dr/f1_macro":0.9740153291710378,"train/dr/accuracy":0.9737021857923497,"epoch":49,"val/dr/f1_macro":0.45878495193384977,"val/dr/loss":1.89021435379982,"_timestamp":1.7739883292853403e+09,"train/dr/balanced_accuracy":0.9742458058862254,"train/dr/loss":0.07559073482044652,"_elapsed_s":3573.2049663066864}